{
  "anchors": [
    2.97,
    2.88,
    2.22,
    2.22,
    2.63,
    2.53,
    1.56,
    1.52,
    1.97,
    1.84
  ],
  "inputs": {
    "input0": [
      224,
      224,
      3
    ]
  },
  "outputs": {
    "output0": [
      7,
      7,
      30
    ]
  },
  "params_quantity": 1856046,
  "loss": [
    [
      1,
      1.21115
    ],
    [
      2,
      1.012
    ],
    [
      3,
      0.92062
    ],
    [
      4,
      1.16795
    ],
    [
      5,
      0.99768
    ],
    [
      6,
      0.57387
    ],
    [
      7,
      0.4472
    ],
    [
      8,
      0.40438
    ],
    [
      9,
      0.37959
    ],
    [
      10,
      0.43988
    ],
    [
      11,
      0.40522
    ],
    [
      12,
      0.32451
    ],
    [
      13,
      0.36759
    ],
    [
      14,
      0.32183
    ],
    [
      15,
      0.29329
    ],
    [
      16,
      0.28779
    ],
    [
      17,
      0.27417
    ],
    [
      18,
      0.25571
    ],
    [
      19,
      0.26096
    ],
    [
      20,
      0.24698
    ],
    [
      21,
      0.24404
    ],
    [
      22,
      0.23957
    ],
    [
      23,
      0.23678
    ],
    [
      24,
      0.23598
    ],
    [
      25,
      0.23468
    ],
    [
      26,
      0.23277
    ],
    [
      27,
      0.23173
    ],
    [
      28,
      0.23087
    ],
    [
      29,
      0.23009
    ],
    [
      30,
      0.22944
    ],
    [
      31,
      0.22968
    ],
    [
      32,
      0.22993
    ],
    [
      33,
      0.2296
    ],
    [
      34,
      0.23141
    ],
    [
      35,
      0.22815
    ],
    [
      36,
      0.22825
    ],
    [
      37,
      0.2281
    ],
    [
      38,
      0.22753
    ],
    [
      39,
      0.22729
    ],
    [
      40,
      0.22716
    ],
    [
      41,
      0.22733
    ],
    [
      42,
      0.22676
    ],
    [
      43,
      0.22608
    ],
    [
      44,
      0.22593
    ],
    [
      45,
      0.22543
    ],
    [
      46,
      0.2254
    ],
    [
      47,
      0.22501
    ],
    [
      48,
      0.22491
    ],
    [
      49,
      0.22455
    ],
    [
      50,
      0.2245
    ],
    [
      51,
      0.22462
    ],
    [
      52,
      0.22465
    ],
    [
      53,
      0.22459
    ],
    [
      54,
      0.22464
    ],
    [
      55,
      0.2243
    ],
    [
      56,
      0.22423
    ],
    [
      57,
      0.22404
    ],
    [
      58,
      0.22462
    ],
    [
      59,
      0.2239
    ],
    [
      60,
      0.22397
    ],
    [
      61,
      0.22386
    ],
    [
      62,
      0.2238
    ],
    [
      63,
      0.22383
    ],
    [
      64,
      0.22368
    ],
    [
      65,
      0.22341
    ],
    [
      66,
      0.22354
    ],
    [
      67,
      0.22347
    ],
    [
      68,
      0.22344
    ],
    [
      69,
      0.22329
    ],
    [
      70,
      0.22329
    ],
    [
      71,
      0.22342
    ],
    [
      72,
      0.22335
    ],
    [
      73,
      0.22324
    ],
    [
      74,
      0.22327
    ],
    [
      75,
      0.22315
    ],
    [
      76,
      0.2232
    ],
    [
      77,
      0.2232
    ],
    [
      78,
      0.22317
    ],
    [
      79,
      0.22293
    ],
    [
      80,
      0.22328
    ],
    [
      81,
      0.22313
    ],
    [
      82,
      0.22322
    ],
    [
      83,
      0.22304
    ],
    [
      84,
      0.2231
    ],
    [
      85,
      0.22296
    ],
    [
      86,
      0.22302
    ],
    [
      87,
      0.22298
    ],
    [
      88,
      0.2228
    ],
    [
      89,
      0.22277
    ],
    [
      90,
      0.22285
    ],
    [
      91,
      0.22312
    ],
    [
      92,
      0.22293
    ],
    [
      93,
      0.22279
    ],
    [
      94,
      0.22283
    ],
    [
      95,
      0.2225
    ],
    [
      96,
      0.22272
    ],
    [
      97,
      0.2228
    ],
    [
      98,
      0.2225
    ],
    [
      99,
      0.22287
    ],
    [
      100,
      0.22259
    ]
  ],
  "acc": [
    [
      1,
      0.37546
    ],
    [
      2,
      0.3993
    ],
    [
      3,
      0.33358
    ],
    [
      4,
      0.37276
    ],
    [
      5,
      0.3873
    ],
    [
      6,
      0.24859
    ],
    [
      7,
      0.28777
    ],
    [
      8,
      0.3558
    ],
    [
      9,
      0.36942
    ],
    [
      10,
      0.38232
    ],
    [
      11,
      0.38336
    ],
    [
      12,
      0.37619
    ],
    [
      13,
      0.38131
    ],
    [
      14,
      0.3714
    ],
    [
      15,
      0.3615
    ],
    [
      16,
      0.3544
    ],
    [
      17,
      0.34298
    ],
    [
      18,
      0.3323
    ],
    [
      19,
      0.33235
    ],
    [
      20,
      0.32861
    ],
    [
      21,
      0.3287
    ],
    [
      22,
      0.32825
    ],
    [
      23,
      0.33023
    ],
    [
      24,
      0.32858
    ],
    [
      25,
      0.32991
    ],
    [
      26,
      0.32902
    ],
    [
      27,
      0.32573
    ],
    [
      28,
      0.32566
    ],
    [
      29,
      0.32612
    ],
    [
      30,
      0.32655
    ],
    [
      31,
      0.32658
    ],
    [
      32,
      0.32467
    ],
    [
      33,
      0.32508
    ],
    [
      34,
      0.3275
    ],
    [
      35,
      0.32677
    ],
    [
      36,
      0.3282
    ],
    [
      37,
      0.32962
    ],
    [
      38,
      0.32974
    ],
    [
      39,
      0.32955
    ],
    [
      40,
      0.33276
    ],
    [
      41,
      0.33399
    ],
    [
      42,
      0.33177
    ],
    [
      43,
      0.33032
    ],
    [
      44,
      0.32829
    ],
    [
      45,
      0.32878
    ],
    [
      46,
      0.32718
    ],
    [
      47,
      0.32989
    ],
    [
      48,
      0.32998
    ],
    [
      49,
      0.32957
    ],
    [
      50,
      0.32863
    ],
    [
      51,
      0.32974
    ],
    [
      52,
      0.33151
    ],
    [
      53,
      0.331
    ],
    [
      54,
      0.33083
    ],
    [
      55,
      0.32986
    ],
    [
      56,
      0.33206
    ],
    [
      57,
      0.33281
    ],
    [
      58,
      0.33399
    ],
    [
      59,
      0.33407
    ],
    [
      60,
      0.33329
    ],
    [
      61,
      0.33293
    ],
    [
      62,
      0.33414
    ],
    [
      63,
      0.33257
    ],
    [
      64,
      0.33291
    ],
    [
      65,
      0.33339
    ],
    [
      66,
      0.33317
    ],
    [
      67,
      0.33252
    ],
    [
      68,
      0.33254
    ],
    [
      69,
      0.33276
    ],
    [
      70,
      0.33501
    ],
    [
      71,
      0.33508
    ],
    [
      72,
      0.33349
    ],
    [
      73,
      0.33496
    ],
    [
      74,
      0.33655
    ],
    [
      75,
      0.33781
    ],
    [
      76,
      0.33566
    ],
    [
      77,
      0.33663
    ],
    [
      78,
      0.33465
    ],
    [
      79,
      0.33498
    ],
    [
      80,
      0.33706
    ],
    [
      81,
      0.33445
    ],
    [
      82,
      0.33605
    ],
    [
      83,
      0.33564
    ],
    [
      84,
      0.33696
    ],
    [
      85,
      0.33646
    ],
    [
      86,
      0.336
    ],
    [
      87,
      0.33641
    ],
    [
      88,
      0.33593
    ],
    [
      89,
      0.33564
    ],
    [
      90,
      0.3353
    ],
    [
      91,
      0.33527
    ],
    [
      92,
      0.33556
    ],
    [
      93,
      0.33465
    ],
    [
      94,
      0.33651
    ],
    [
      95,
      0.33481
    ],
    [
      96,
      0.33455
    ],
    [
      97,
      0.33554
    ],
    [
      98,
      0.33489
    ],
    [
      99,
      0.33605
    ],
    [
      100,
      0.33387
    ]
  ],